id,title,state,createdAt,closedAt,changedFiles,additions,deletions,reviews.totalCount,body,participants.totalCount,comments.totalCount
MDExOlB1bGxSZXF1ZXN0Mjk1MDQxNTQ0,docs: add microservices-diffabouteureka_zk,CLOSED,2019-07-06T14:06:55Z,2019-08-03T06:42:11Z,1,21,0,1,,2,2
MDExOlB1bGxSZXF1ZXN0MzEzNTcyNjc3,add an article,MERGED,2019-09-03T12:40:01Z,2019-09-04T01:18:51Z,2,81,0,1,,1,1
MDExOlB1bGxSZXF1ZXN0MzIyMzk2ODU4,alter translation of monolithic,MERGED,2019-09-28T08:50:56Z,2019-09-28T10:45:56Z,1,13,13,1,,2,0
MDExOlB1bGxSZXF1ZXN0MzMwNzY3Njg1,docs(from-readers): add an article about micro service,MERGED,2019-10-22T01:35:38Z,2019-10-25T02:21:51Z,1,204,0,1,,2,0
MDExOlB1bGxSZXF1ZXN0MzM0MjU1MzAz,micro service,MERGED,2019-10-30T13:34:16Z,2019-11-01T07:46:28Z,1,102,0,2,,2,2
MDExOlB1bGxSZXF1ZXN0MzM4NjMyMjA0,micro service,MERGED,2019-11-08T11:21:25Z,2019-11-12T02:55:05Z,3,644,3,1,,2,0
MDExOlB1bGxSZXF1ZXN0MzM5NTA4MzIy,增加利用定时刷新缓存的方式来应对缓存击穿的表述,MERGED,2019-11-11T16:13:22Z,2019-11-12T02:50:28Z,1,5,2,1,,2,1
MDExOlB1bGxSZXF1ZXN0MzY5OTA0OTU1,docs: update wrong character,MERGED,2020-02-01T14:38:53Z,2020-02-02T02:47:40Z,1,1,1,1,,2,0
MDExOlB1bGxSZXF1ZXN0MzkwNzg5Mjc1,add how-eureka-enable-service-discovery-and-service-registration.md,MERGED,2020-03-19T04:25:05Z,2020-03-20T00:42:29Z,17,120,0,2,,3,3
MDExOlB1bGxSZXF1ZXN0NDEwODgxNzk2,"redis不能使用setnx和expire来实现分布式锁,应使用set命令及其nx,ex和px选项来实现",MERGED,2020-04-29T18:35:35Z,2020-04-30T01:06:20Z,2,9,9,1,,2,0
MDExOlB1bGxSZXF1ZXN0NDE1NTc1Mzgz,add an article,MERGED,2020-05-09T13:24:17Z,2020-05-10T00:59:10Z,7,96,0,1,,1,0
MDExOlB1bGxSZXF1ZXN0NDQwODkxOTE0,补充 分布式事务解决方案Saga,MERGED,2020-06-27T10:16:48Z,2020-06-27T14:27:26Z,2,40,7,1,,2,0
MDExOlB1bGxSZXF1ZXN0NjExNTQ5OTIx,add knowledge about redis-rehash,MERGED,2021-04-08T13:17:23Z,2021-04-09T07:36:57Z,3,45,0,1,,2,3
MDExOlB1bGxSZXF1ZXN0Njk2Mjk0NzMz,docs: update caching penetration content,MERGED,2021-07-24T05:00:13Z,2021-07-24T06:06:35Z,2,9,0,1,,2,3
PR_kwDOCQzNzs43G8jR,位图法这里漏乘了整型的长度,MERGED,2022-04-30T03:47:22Z,2022-04-30T06:44:28Z,1,1,1,1,,2,0
MDExOlB1bGxSZXF1ZXN0MjMxNjk1NTE2,Fix link to Tweet in index.html,CLOSED,2018-11-17T01:11:44Z,2019-06-04T20:36:17Z,1,1,1,2,,3,0
